{
  "scale_factor": 0.9981940388679504,
  "autoencoder": {
    "epoch_recon_losses": [
      0.1387879658772164,
      0.07260736713514608,
      0.05778739150582241,
      0.05166567404981421,
      0.0478912672074903,
      0.045371434048694724,
      0.04276417418062186,
      0.04060846980379409,
      0.03861082595686953,
      0.03694651003520028,
      0.03548730624949231,
      0.034508845917567484,
      0.035305091860790214,
      0.035247506135526824,
      0.0325312261790538,
      0.032625660675914346,
      0.035569579567478485,
      0.03627462115357904,
      0.034473020239036624,
      0.03404995758368188,
      0.03263351051997738,
      0.03347603097057142,
      0.032873247288355306,
      0.031975417108345436,
      0.03122866103629104,
      0.031349673194168995,
      0.031367976014979745,
      0.03058907178332325,
      0.032297253139129206,
      0.03088075925885629,
      0.030032081999072507,
      0.030284419014048176,
      0.029286693280734934,
      0.02952859314362041,
      0.02918954348551626,
      0.029300599163319885,
      0.02883666639505815,
      0.028464144643615272,
      0.02865375069697865,
      0.028512161115513128,
      0.02830915406596761,
      0.02794843478550931,
      0.02799513900042081,
      0.027986094465150553,
      0.0284637180978761,
      0.02809279941085006,
      0.02774699897888829,
      0.028059323169604067,
      0.027874544200276127,
      0.027926639238951587,
      0.02750873546890852,
      0.02755026860522623,
      0.02729854061260444,
      0.027897988234748358,
      0.02726531640759536,
      0.02715942542217359,
      0.026863453549747708,
      0.026583936675882137,
      0.026272389489938233,
      0.02629494493310692
    ],
    "epoch_gen_losses": [
      0.0,
      0.0,
      0.0,
      0.0,
      0.0,
      0.0,
      0.0,
      0.0,
      0.0,
      0.0,
      0.0,
      0.30550244763618756,
      0.44405269716717616,
      0.4055266892459212,
      0.27302444281698274,
      0.39682207863871793,
      0.5084321113193736,
      0.5297881079947248,
      0.436662298603719,
      0.4803390100973995,
      0.417266107219107,
      0.4201457484179184,
      0.4266157174060325,
      0.4100454373895621,
      0.4677292619432722,
      0.4485886511432023,
      0.4731532387873706,
      0.49798469063865036,
      0.45408504907073094,
      0.46644886745875624,
      0.4662866773975997,
      0.4186124204337096,
      0.38526465518384423,
      0.43316957492287417,
      0.4284020458199397,
      0.3640472404345745,
      0.3995220708120771,
      0.4433495071755738,
      0.4261829588843995,
      0.43812553772405416,
      0.40680435700576845,
      0.43637328281873417,
      0.42680719645083454,
      0.4465273603671739,
      0.4479353669561258,
      0.4560745809258533,
      0.42260488072613706,
      0.44784440375676676,
      0.470554219950147,
      0.42928038963249754,
      0.4524946508913481,
      0.43951054343155455,
      0.43525100011034173,
      0.4592444743303692,
      0.40941135460088235,
      0.40929782666078135,
      0.38934052654174195,
      0.3854525089263916,
      0.38273808460275666,
      0.3932365201601461
    ],
    "epoch_disc_losses": [
      0.0,
      0.0,
      0.0,
      0.0,
      0.0,
      0.0,
      0.0,
      0.0,
      0.0,
      0.0,
      0.0,
      0.27246794292405874,
      0.23047810943186783,
      0.22706195142339258,
      0.2418996466308081,
      0.19925958062169932,
      0.16147275650952042,
      0.1632617909242125,
      0.19902761587325266,
      0.1919523601521965,
      0.21287427310432708,
      0.20256188718461188,
      0.21267111599445343,
      0.21182291554052288,
      0.18623494162779897,
      0.18068070202564993,
      0.18528970055469945,
      0.16859062294624433,
      0.2083480776671101,
      0.20554826014182148,
      0.1858006336358415,
      0.20462604430543274,
      0.21261300008837916,
      0.21716750820143885,
      0.19302268689420043,
      0.22862089663243093,
      0.20913949683934702,
      0.1968971474581406,
      0.19532604503030537,
      0.19665430173152634,
      0.20769137081478825,
      0.19596177464773676,
      0.19244543732214375,
      0.18009718977102712,
      0.19149687836150162,
      0.18364613772440358,
      0.19955242368854395,
      0.18852480525980478,
      0.17537347227334976,
      0.1961198894917464,
      0.18487903820115978,
      0.20960699954704076,
      0.19763302972086338,
      0.19038347981306686,
      0.20782276474628128,
      0.2073610754949706,
      0.21104132327712885,
      0.21985050747875406,
      0.21073659215153767,
      0.20643987087141566
    ],
    "val_recon_losses": [
      0.040015239268541336,
      0.036069992397512705,
      0.032122663621391566,
      0.03077713506562369,
      0.02966086859149592,
      0.028245215703334128
    ]
  },
  "diffusion": {
    "epoch_losses": [
      0.8462787671249454,
      0.6121553640906551,
      0.4705878035361026,
      0.3951583975503425,
      0.3509470592526829,
      0.32743645127580945,
      0.31526933973576843,
      0.30504150776302114,
      0.2984231636554253,
      0.28409031058559897,
      0.272387925065866,
      0.27461305173004374,
      0.2769460699387959,
      0.2625595088265523,
      0.26498439357060344,
      0.2619129236505813,
      0.2629705407038456,
      0.2618451007023579,
      0.25156970735357587,
      0.2512472305728608,
      0.25612654255217865,
      0.24927163988101383,
      0.24623534108410364,
      0.24215469503102183,
      0.24566035911816508,
      0.2367456730674295,
      0.24348887913868206,
      0.2413944395399895,
      0.2394697108939916,
      0.2395088354579541,
      0.23440742304846018,
      0.2394678710388536,
      0.24079045903782884,
      0.23810555604325623,
      0.23809560532329463,
      0.2359109955425022,
      0.2334977934340469,
      0.23103863132350586,
      0.23794837458794857,
      0.23854639575261027,
      0.23333094769916615,
      0.23613055100461014,
      0.23082642783136928,
      0.22933656453084544,
      0.22808742510671376,
      0.23244457134679586,
      0.23092886780490393,
      0.22940196522644588,
      0.2363873516060725,
      0.22678409103585892,
      0.22899164847967005,
      0.23619917623636102,
      0.22358249766486032,
      0.23174320975271592,
      0.22633071957516068,
      0.2250547722107222,
      0.22314002296002974,
      0.23340645470038182,
      0.22762579126518315,
      0.22027867237309448,
      0.22928868960432647,
      0.23255528008737483,
      0.22689837655600378,
      0.22986719325310043,
      0.23202843763748138,
      0.22650361499365637,
      0.22429808335644857,
      0.22474323319537298,
      0.23031245084369883,
      0.22820695308076233,
      0.22644447654235264,
      0.23282117002150593,
      0.2328765359746308,
      0.22485493098487372,
      0.2271906365366543,
      0.23122994100847163,
      0.22417463787964412,
      0.22830895666314774,
      0.22337949163272602,
      0.22615549118578934
    ],
    "val_losses": [
      0.22088457643985748,
      0.21545215589659555
    ]
  },
  "run_duration_seconds": 3433.3779411003925
}