{
  "best_epoch": 55,
  "best_valid_metric": 0.024737943559885026,
  "train_generator_loss": [
    0.14580053035510407,
    0.08710994980594743,
    0.06884109761183439,
    0.06210095027921851,
    0.05750203210872716,
    0.05522391739152785,
    0.0530543654148775,
    0.05140667380818931,
    0.05088245844348257,
    0.04915291637969326,
    0.04854683323374277,
    0.048255201208487135,
    0.047870778486977926,
    0.04679946166802745,
    0.04732833669383669,
    0.046270203138165295,
    0.044285084457858725,
    0.04496101914245852,
    0.044168840102347236,
    0.04386796955625272,
    0.04290637185476612,
    0.04240038625489624,
    0.0410506737525155,
    0.04032233429036116,
    0.04171233533052453,
    0.03927296097051969,
    0.040971665433429706,
    0.039254981856766964,
    0.039337033101135274,
    0.0375135679151336,
    0.03822856486498015,
    0.03821689521759669,
    0.03698485267336508,
    0.0371713043161576,
    0.03605808591454695,
    0.035152414032077764,
    0.03489370156701868,
    0.035086673958182504,
    0.035205764366204075,
    0.03421848677861391,
    0.0348062093973225,
    0.03467814017982013,
    0.03395258963625027,
    0.03416631052046106,
    0.03390079221462185,
    0.03362503377212772,
    0.03319869575674766,
    0.03321861814207436,
    0.03304703770067696,
    0.032755933792228006,
    0.03290669299320963,
    0.032568362054076955,
    0.03275288951631672,
    0.03177477216461866,
    0.03126814486326455,
    0.031286814093012275,
    0.031231839215034505,
    0.03138980622778676,
    0.03100544159815989,
    0.0310458781270147
  ],
  "train_discriminator_loss": [
    0.0010982336312337618,
    0.0003860308963844624,
    0.00011180816568160129,
    8.769612780785048e-05,
    0.0006621714737256841,
    0.0002919897988071768,
    0.0011905718529891466,
    0.0005004700425148341,
    0.00032289051810595825,
    0.00016429447459432762,
    0.00048613569963641044,
    0.0009375514178164972,
    0.0013853056493629621,
    0.0011062958023754948,
    0.001400406149190963,
    0.0019706865358865727,
    0.001380990664319664,
    0.0015002511939042453,
    0.0016802109429609263,
    0.0015632347041420968,
    0.0013171129019006478,
    0.0018959453426483988,
    0.0017281334274886536,
    0.001280967428309371,
    0.0015772657554348076,
    0.0017175635234948354,
    0.0014589602941032112,
    0.0016423909373175056,
    0.0017857708072630102,
    0.002083653938844637,
    0.0019618313816545004,
    0.0019338855590551375,
    0.0016449401159116576,
    0.0020006844579007993,
    0.0020888390488981393,
    0.002079289776032491,
    0.0020950141343816296,
    0.0020900149227506106,
    0.001825673565263277,
    0.0020024090543084264,
    0.0018461306763266827,
    0.0020147531157178136,
    0.002095019924056334,
    0.0017164060094429156,
    0.0019637947770513526,
    0.0016653721834450539,
    0.0017843906106032893,
    0.001946396921434738,
    0.0018670591322338674,
    0.0019492999685140552,
    0.0020183201155992486,
    0.0019605945013705097,
    0.0018628340524567894,
    0.002066894178547997,
    0.001995804127071278,
    0.001818028909809466,
    0.0019420128608080842,
    0.0019338024652404832,
    0.0019295269215954252,
    0.0019333387011281388
  ],
  "valid_metric": [
    0.09556073039770126,
    0.06527413666248322,
    0.05492956757545471,
    0.04856206625699997,
    0.047726152390241625,
    0.04346725180745125,
    0.0434138397872448,
    0.040916959792375564,
    0.039517329037189484,
    0.03809421941637993,
    0.038676309883594516,
    0.041519947499036786,
    0.04027263566851616,
    0.039045381844043735,
    0.038520766347646715,
    0.03654206797480583,
    0.035739491879940036,
    0.03495142474770546,
    0.035336626917123796,
    0.036610120832920076,
    0.03447829529643059,
    0.03340714827179909,
    0.03206859640777111,
    0.03318657830357551,
    0.031716875061392785,
    0.033735495805740354,
    0.033896265476942064,
    0.031054797917604446,
    0.030873350128531457,
    0.031348256692290306,
    0.029643056243658067,
    0.03418987780809402,
    0.030437481626868247,
    0.02975717604160309,
    0.029167039766907692,
    0.02968914695084095,
    0.029339434131979942,
    0.028822231367230416,
    0.02921650528907776,
    0.02783986896276474,
    0.029298004433512687,
    0.030134950131177902,
    0.027626984268426896,
    0.028453483879566192,
    0.027116264179348946,
    0.02698070526123047,
    0.0276070386916399,
    0.02621531516313553,
    0.02710351161658764,
    0.026271414160728455,
    0.026154393404722212,
    0.027396540343761443,
    0.027473415806889535,
    0.025154304280877112,
    0.024737943559885026,
    0.02536458946764469,
    0.026606280878186225,
    0.02594546690583229,
    0.025823073238134386,
    0.026250833421945573
  ],
  "reconstruction_metric": [
    0.1357964250662398,
    0.07620486976751445,
    0.05632143015728032,
    0.049285584793791845,
    0.04621982352016661,
    0.04261292589839724,
    0.042377793219200724,
    0.03922888281350397,
    0.03839839128874898,
    0.0356388048605493,
    0.0363852661950064,
    0.03737976549681993,
    0.03778027273408322,
    0.03632956749469549,
    0.03758774910562857,
    0.03694574075446387,
    0.0344864039781257,
    0.035679114452422195,
    0.03476741460722058,
    0.03492644208332471,
    0.03245855729481469,
    0.03379281631092072,
    0.032342584523677845,
    0.030786803866349303,
    0.032510878096152274,
    0.030507712250487807,
    0.031284715841735485,
    0.030365286739888014,
    0.030591117127027563,
    0.02919696346286275,
    0.02980522249650212,
    0.03003720404234719,
    0.028490994772683888,
    0.02905215398100069,
    0.028410239782051046,
    0.027399523596169147,
    0.02747118180659315,
    0.02752816962326508,
    0.027338025711883155,
    0.026650795419654597,
    0.026964642931836008,
    0.027039031065438087,
    0.026518594849971724,
    0.02616580389148976,
    0.026222497488529648,
    0.025581935499516067,
    0.025418822164425328,
    0.025507752773845208,
    0.025278018842809162,
    0.025148783435957434,
    0.025349321789255943,
    0.025045162754066104,
    0.02501451860718018,
    0.02455306605667756,
    0.024112396947323464,
    0.023812668114507045,
    0.02407838897536529,
    0.024058159668092282,
    0.023659989482586803,
    0.02364760677860405
  ],