{
  "scale_factor": 1.0048322677612305,
  "autoencoder": {
    "epoch_recon_losses": [
      0.1255435043272852,
      0.06662001423224681,
      0.05807553551026753,
      0.05280297528169736,
      0.048775296032178304,
      0.04589254415335776,
      0.04322296396649184,
      0.04138611980220851,
      0.04001458884537721,
      0.03852479225572418,
      0.03750815082873617,
      0.036330730442990775,
      0.03687630477948349,
      0.040828392034819146,
      0.04162590985162919,
      0.04001789580748862,
      0.03980482817322266,
      0.03961051183463145,
      0.03942542983328595,
      0.03796020723065408,
      0.03808892812548565,
      0.03652636252907144,
      0.03640293746310122,
      0.03600472371493067,
      0.035290687806716486,
      0.03404335757451398,
      0.03407541205402182,
      0.033726857552508344,
      0.03338305271786301,
      0.033687142436118686,
      0.03274418623382304,
      0.03263722818751796,
      0.03220873599981561,
      0.03214330479753118,
      0.03221403416089651,
      0.03150951140755866,
      0.03149800777372693,
      0.030713862356017616,
      0.03104840120410218,
      0.030763851713483073,
      0.0307105362196179,
      0.0297222311663277,
      0.029965314967166475,
      0.029404553592580707,
      0.02931095633123602,
      0.02923992819332776,
      0.028853717080059172,
      0.028799469058378404,
      0.02861392717151081,
      0.02855410340766446,
      0.028206489526298867,
      0.028204775783194212,
      0.028048747821765786,
      0.027778711796057325,
      0.027849365949255078,
      0.027642169294237087,
      0.02761306443071666,
      0.027332323673768203,
      0.027689094193467573,
      0.027289324526150686
    ],
    "epoch_gen_losses": [
      0.0,
      0.0,
      0.0,
      0.0,
      0.0,
      0.0,
      0.0,
      0.0,
      0.0,
      0.0,
      0.0,
      0.3165951260999471,
      0.48869499914786396,
      0.4720753388745444,
      0.4997134526737598,
      0.5535761827305585,
      0.526044806512464,
      0.44288222829834756,
      0.46173470348370177,
      0.49971369541242344,
      0.4613747037008029,
      0.47281343859283864,
      0.4598468770625211,
      0.44783524405054687,
      0.4091977496482745,
      0.41380338308190096,
      0.4194945947212331,
      0.4117233604192734,
      0.4274595129389723,
      0.4109201282262802,
      0.41968483822185454,
      0.399265209792041,
      0.4307282439299992,
      0.4192682827721123,
      0.3947100653743544,
      0.4343170780970269,
      0.3906717783763629,
      0.42209999632685125,
      0.3943542967073056,
      0.4105880266415472,
      0.3630327606151084,
      0.34669041570996034,
      0.36312182770431545,
      0.3543582721417691,
      0.3551729518074949,
      0.3780511620477969,
      0.35098690984128905,
      0.36406988932305023,
      0.35860175457822174,
      0.3493214055520146,
      0.36729098199044957,
      0.3727809312839468,
      0.3715649645368592,
      0.37254126282299266,
      0.3545066295426433,
      0.36179668857019487,
      0.36515361734298096,
      0.3726211163301428,
      0.37784372470459016,
      0.38533747484203146
    ],
    "epoch_disc_losses": [
      0.0,
      0.0,
      0.0,
      0.0,
      0.0,
      0.0,
      0.0,
      0.0,
      0.0,
      0.0,
      0.0,
      0.2834062249470158,
      0.16631975528948448,
      0.18483531302889855,
      0.16331248548852295,
      0.15682748839760027,
      0.1606475963186817,
      0.18657205623238027,
      0.17540508233198598,
      0.17003877736440226,
      0.18231369686477325,
      0.17647620315561777,
      0.1757671596998928,
      0.1896528206577822,
      0.1997183110533642,
      0.19269652389177755,
      0.1928036106484277,
      0.1920108405732307,
      0.19366837893964864,
      0.20318004038153575,
      0.19461657163225302,
      0.19736987202107406,
      0.19142984530004134,
      0.19388852481331145,
      0.2083683704503444,
      0.1916075492230784,
      0.19820596133710958,
      0.19459759074599803,
      0.20783854620296413,
      0.1972282483798115,
      0.2269743908854092,
      0.22378110522482575,
      0.22029420620753987,
      0.21447589993476868,
      0.22103759746591584,
      0.2244148387127564,
      0.21793326485056838,
      0.2168997597544133,
      0.21720025544406987,
      0.22133907675743103,
      0.2087756610718094,
      0.21512277887648895,
      0.21112222168125025,
      0.2162902564311228,
      0.21950345855801046,
      0.21531579900188608,
      0.21827736409271464,
      0.210090734878508,
      0.21080742350646428,
      0.20349941208582967
    ],
    "val_recon_losses": [
      0.040017022618225644,
      0.03981559244649751,
      0.0363381164414542,
      0.033932898193597794,
      0.03027535416185856,
      0.02999478924487318
    ]
  },
  "diffusion": {
    "epoch_losses": [
      0.6256815067359379,
      0.29716599112799186,
      0.24626204859809714,
      0.23440492816832886,
      0.2306211137471079,
      0.2339067330130008,
      0.228264581380772,
      0.2306949863163363,
      0.22728292042968654,
      0.23375910720905335,
      0.22901579624965412,
      0.2278849592729777,
      0.2246100902557373,
      0.2200871141893523,
      0.22163788811499333,
      0.22328475443255,
      0.22130840879027583,
      0.22795737227972815,
      0.22797994278058284,
      0.22319931906311452,
      0.22162109400544847,
      0.22306299347336553,
      0.22001778409511102,
      0.21768371485361532,
      0.22547403353602946,
      0.21807293243267956,
      0.22189093662911102,
      0.2175462054354804,
      0.2138937412440276,
      0.21822573895714864,
      0.22078425067813456,
      0.2219549571516133,
      0.2203880077650567,
      0.22429456342669093,
      0.22683303101974375,
      0.22257468041752568,
      0.22361453034046316,
      0.22091873904236226,
      0.21852631766756042,
      0.222901986426666,
      0.21824626781109,
      0.22466803573760666,
      0.21725259364402594,
      0.21936977135033167,
      0.21954253641497187,
      0.21594783463397949,
      0.22148572371787384,
      0.22083562963149128,
      0.2192936451996074,
      0.22510910359751277,
      0.21972037789200535,
      0.22016346066438852,
      0.21768936064063,
      0.21769645021242254,
      0.22375131116694763,
      0.21964417817462392,
      0.22110084613331227,
      0.21887659888808467,
      0.22108412502693528,
      0.21364384175849563,
      0.21798947979422176,
      0.22029531991281429,
      0.2159765261311491,
      0.21925558400254289,
      0.22366897761821747,
      0.21292628673445277,
      0.2167914771482724,
      0.22002487667217976,
      0.2167499408501537,
      0.21816647628776165,
      0.21833078250163743,
      0.21077720489071197,
      0.2209155759265443,
      0.21715915691451865,
      0.21734044719643952,
      0.2126139192020192,
      0.21547858980523438,
      0.21468121339293086,
      0.21546796377466507,
      0.21498828569129735
    ],
    "val_losses": [
      0.2306019812822342,
      0.2279370597430638
    ]
  },
  "run_duration_seconds": 3938.9464616002515
}