{
  "best_epoch": 54,
  "best_valid_metric": 0.0211905437707901,
  "train_generator_loss": [
    0.11299431041237994,
    0.06430077373124546,
    0.05643287195810238,
    0.052273396999212546,
    0.050063805053862855,
    0.04877751722984807,
    0.04636106052897858,
    0.04568261258889459,
    0.04308307694830319,
    0.04069381301695853,
    0.04057596934019758,
    0.039431541553667966,
    0.037890988839235036,
    0.036721278084945734,
    0.03531999826913665,
    0.034787430466574454,
    0.03413764879956561,
    0.033565400317576016,
    0.03335210493422485,
    0.03357593149852715,
    0.033362052861146664,
    0.033241400768967394,
    0.032860879212615914,
    0.032496613295066666,
    0.03180380784056503,
    0.03191261222518138,
    0.0315028042398302,
    0.03128383916539571,
    0.031050717011770618,
    0.030956142182826038,
    0.030613150274309223,
    0.030280043580229225,
    0.030025207265870307,
    0.02971522003002411,
    0.02947814145240286,
    0.029043502383280198,
    0.029026406674847696,
    0.028930956312970105,
    0.028263020338369273,
    0.02838477291728591,
    0.028444624533757894,
    0.028220633500021436,
    0.028371358685688623,
    0.027812324591536933,
    0.028016866156950267,
    0.02803304331978421,
    0.027756096816281377,
    0.027844222775777007,
    0.02764766662626584,
    0.027611859291076173,
    0.02788336088130593,
    0.027622467711869863,
    0.02758015412653429,
    0.027555825573344784,
    0.02790907357936667,
    0.028089123487703926,
    0.028366247035885566,
    0.028231418388978417,
    0.028327441724182226,
    0.028608498085206362
  ],
  "train_discriminator_loss": [
    0.0008002138303320476,
    0.0005145396092890707,
    0.00017891974334507848,
    0.000221725104872561,
    0.00040935877821833365,
    0.00040844804754689286,
    0.0004569063242592269,
    0.0012178395289336008,
    0.0016333372123806134,
    0.0016423439688173285,
    0.0015649359157075585,
    0.001527431014608305,
    0.0016498877695079093,
    0.001876005652070277,
    0.0019400214673692669,
    0.0018117234046580884,
    0.0018843960625530445,
    0.0018449722629472866,
    0.001790999870308323,
    0.0016904338332527204,
    0.0016489942573858537,
    0.0016745461410766728,
    0.0016464534512098282,
    0.0018596775502376802,
    0.0018908652379961272,
    0.0018525175356658736,
    0.0018061545508444173,
    0.0018476135446613424,
    0.00167727344758563,
    0.0018644768610873148,
    0.001796177524029336,
    0.0018587380507697415,
    0.001893755568238349,
    0.0018306710160271085,
    0.001856087234550441,
    0.0018094975196985975,
    0.0018003982509439682,
    0.0019666266341496746,
    0.0017844499258261018,
    0.0017912620610524039,
    0.0018483258043012014,
    0.001753284285649714,
    0.0018722557678056634,
    0.001751671982036884,
    0.0017749237008836472,
    0.0017642466818521875,
    0.001708938641181839,
    0.0016834958714932685,
    0.0017389861523683103,
    0.001706875784704757,
    0.0015148986799509835,
    0.0017293374110081878,
    0.0016863174949874257,
    0.001525235004816952,
    0.0015417773170921972,
    0.001379281112773226,
    0.0013831009899308592,
    0.0014745491951278012,
    0.0012797768325067528,
    0.0012624020189146623
  ],
  "valid_metric": [
    0.06212081074714661,
    0.050964295268058776,
    0.04459361478686333,
    0.041594849973917006,
    0.03993154630064964,
    0.035186733454465866,
    0.04063827604055405,
    0.04059656739234924,
    0.0353432996571064,
    0.03411471903324127,
    0.03408009827136994,
    0.03136613756418228,
    0.030566581040620804,
    0.03100123628973961,
    0.03147444561123848,
    0.02892472840845585,
    0.028491364717483522,
    0.02729429543018341,
    0.026865225732326508,
    0.027010862231254578,
    0.027395608499646187,
    0.028971716463565826,
    0.025644551739096643,
    0.028526716902852058,
    0.027540985196828842,
    0.026620184555649757,
    0.027459989935159683,
    0.025158015936613085,
    0.026009081825613976,
    0.0260503201931715,
    0.02579921193420887,
    0.02518909752368927,
    0.024807407110929488,
    0.024003974199295043,
    0.024455537647008897,
    0.02376569986343384,
    0.024037313908338548,
    0.024562269523739813,
    0.02359470322728157,
    0.023963971957564355,
    0.024510587379336358,
    0.023569292724132537,
    0.022427601516246797,
    0.023326516151428223,
    0.024077748283743858,
    0.022561976686120033,
    0.02194404661655426,
    0.02287938356399536,
    0.02303724631667137,
    0.022767993807792663,
    0.02394538201391697,
    0.022160237431526186,
    0.021745999306440354,
    0.0211905437707901,
    0.022942215874791144,
    0.023096145987510683,
    0.02237357698380947,
    0.02255229838192463,
    0.022157831490039824,
    0.022520821169018747
  ],
  "reconstruction_metric": [
    0.10228052652724198,
    0.05259334340060145,
    0.043490022717474916,
    0.03920925481989833,
    0.03749864861557383,
    0.03620212335800839,
    0.03405226287025733,
    0.035405642853404896,
    0.03391203725964698,
    0.031951870788871684,
    0.03165044436057958,
    0.030571665414337548,
    0.029322697624764187,
    0.029053792334403753,
    0.02767201341077801,
    0.027144091440346824,
    0.026604449185272522,
    0.026185664093505003,
    0.02574830839577349,
    0.02575198374958254,
    0.025529564848405732,
    0.025304222190469516,
    0.02513659824603113,
    0.024943310336496254,
    0.024570970540023787,
    0.024613669601476557,
    0.024149300324164232,
    0.024054951192954525,
    0.023609501782646383,
    0.023679545379126993,
    0.023470532246142848,
    0.023134395236019272,
    0.022970069078712622,
    0.022673561747963766,
    0.02248882145132732,
    0.021893705851111007,
    0.021997260858525037,
    0.022000430924674526,
    0.021352046746714034,
    0.02141152702787665,
    0.021623405311092418,
    0.02114215269018073,
    0.0214184302067479,
    0.02074530909671558,
    0.02102843073534603,
    0.02108634750888581,
    0.02056025760793689,
    0.020679420844143998,
    0.020425691561395204,
    0.020421165267746063,
    0.02044773310572909,
    0.02026174795228151,
    0.02010104824644372,
    0.020069420573234575,
    0.020382043694387786,
    0.020456572235216904,
    0.02029736366175416,
    0.020431401359280375,
    0.020218910539606352,
    0.02048473098687999
  ],