{
  "best_epoch": 43,
  "best_valid_metric": 0.019326806291937827,
  "train_generator_loss": [
    0.10958595334863895,
    0.06405951476462626,
    0.05627009108150801,
    0.05140671915477523,
    0.04530889263536165,
    0.04325182235684893,
    0.04240514752460571,
    0.041073977836932396,
    0.03853939651633065,
    0.034349849504230055,
    0.03516052924621135,
    0.0347553679857078,
    0.03381111632073172,
    0.0325910353883346,
    0.03199009793787383,
    0.030925089741207328,
    0.030509864605285725,
    0.02961604825290493,
    0.029013979797397244,
    0.028476549131821013,
    0.028096398841410755,
    0.027828640200943833,
    0.027782432668294416,
    0.027274528631318132,
    0.027563769997817338,
    0.027240881189686292,
    0.02712804029542124,
    0.026898327415066575,
    0.026732069841565342,
    0.02630439209408008,
    0.026145135258523113,
    0.026177490417099044,
    0.02603544896988904,
    0.025991385060657027,
    0.025714094535247763,
    0.02565135683284408,
    0.02533358607918185,
    0.024901393758813745,
    0.024746150554652072,
    0.02490081270127912,
    0.024852171169643198,
    0.024766873027568023,
    0.024713963883715582,
    0.02477266088668328,
    0.024855325630900184,
    0.025372420167637463,
    0.025416851736892444,
    0.02488546533987332,
    0.02467062116597754,
    0.025116406181359748,
    0.024335806306678538,
    0.024774140112003004,
    0.024914614342967843,
    0.025014136744958976,
    0.025065220577698943,
    0.024954486437311515,
    0.025062949070786628,
    0.024658688856478757,
    0.025063142476789434,
    0.02583921383534439
  ],
  "train_discriminator_loss": [
    0.0013858680347540047,
    0.0007737119887909037,
    0.001272010783093943,
    0.0013620221291172718,
    0.002496152662989284,
    0.0023148850261038023,
    0.0017634452192132658,
    0.0022928695738767086,
    0.002456541852992465,
    0.0023059664785399676,
    0.002203483151543774,
    0.002168809770558538,
    0.0024306095992808773,
    0.002245710042715494,
    0.002300295380269784,
    0.002250596742360317,
    0.002319702035115679,
    0.0024119644719766114,
    0.002405534893246609,
    0.0024368452007319384,
    0.0023685651394407567,
    0.0023016284407680367,
    0.0024400827211575053,
    0.0022914410591876036,
    0.002223641975328242,
    0.0022919192331840505,
    0.002203197232633241,
    0.002275665445353261,
    0.0022183750795119824,
    0.0023354087248902925,
    0.0022564327499273677,
    0.0022374039728737163,
    0.0022410870354329935,
    0.00218150263924837,
    0.0022326436948758204,
    0.002218220299037507,
    0.0023119613063877224,
    0.002192146629587763,
    0.0022303237513152355,
    0.0022221866623805017,
    0.0022002527057503906,
    0.0022201456217731826,
    0.0022519132664596537,
    0.002096624635259242,
    0.0020534649110857677,
    0.002011032639035068,
    0.0019182362975173972,
    0.0023220699927425825,
    0.002030308650887925,
    0.002113368189901629,
    0.002111286604881766,
    0.0021004376960309192,
    0.001958153854533716,
    0.0020295560509874604,
    0.002085521622400489,
    0.0019543462439722934,
    0.0022869477184433726,
    0.002060037247830707,
    0.0018170705032316131,
    0.0016841122784277645
  ],
  "valid_metric": [
    0.06431203603744506,
    0.05338524490594864,
    0.04418480664491654,
    0.04199591755867004,
    0.03916224330663681,
    0.0349580717086792,
    0.03737009808421135,
    0.03510523498058319,
    0.03173483088612557,
    0.030482345819473268,
    0.031081485897302627,
    0.029570623338222503,
    0.027608151584863662,
    0.02717012718319893,
    0.02784658633172512,
    0.026709820553660394,
    0.02607594206929207,
    0.024339442774653434,
    0.02509661763906479,
    0.023400943353772165,
    0.023086507469415665,
    0.023401288613677025,
    0.022624576687812804,
    0.02220281422138214,
    0.02344167523086071,
    0.022238411605358124,
    0.022081365287303926,
    0.02217015504837036,
    0.022369129732251167,
    0.02193479783833027,
    0.022336821034550668,
    0.02218079403042793,
    0.021493171527981757,
    0.020967313796281816,
    0.021772126257419585,
    0.020819816812872885,
    0.02046326108276844,
    0.020680799558758737,
    0.02040280796587467,
    0.021591977775096895,
    0.020003525018692018,
    0.02285896599292755,
    0.019326806291937827,
    0.020131213963031767,
    0.01985344722867012,
    0.01949583925306797,
    0.020455609261989593,
    0.020686523020267487,
    0.020189908295869828,
    0.019959190338850023,
    0.020835330560803413,
    0.02067311152815819,
    0.020659521222114563,
    0.020352200120687485,
    0.020939221009612083,
    0.020669899880886078,
    0.020056170150637626,
    0.022367636486887933,
    0.020473769158124922,
    0.020076753199100496
  ],
  "reconstruction_metric": [
    0.09716465322741757,
    0.052490598432291244,
    0.04513110657378096,
    0.040794405425370626,
    0.0366362380468072,
    0.03498647877867323,
    0.033860128459679104,
    0.03308943920582631,
    0.031025901546373087,
    0.027476403949744748,
    0.0281072672197169,
    0.027649122118853803,
    0.027123321756644066,
    0.02592354833958164,
    0.025354596905695605,
    0.024414692236573103,
    0.024045614646763643,
    0.02344345994752549,
    0.0229038647760222,
    0.022444975479666632,
    0.02198781939239341,
    0.021775067142052924,
    0.021588908225799928,
    0.021207479803681626,
    0.02136727319502104,
    0.021009139168543287,
    0.02091509716935551,
    0.020780665130805603,
    0.02061243342871273,
    0.020244462091040888,
    0.020141372908162182,
    0.020154284533191187,
    0.019995362385479946,
    0.019912742073647065,
    0.019676574408676626,
    0.01964212002180951,
    0.019392163051160673,
    0.01897849720635686,
    0.018903781355343097,
    0.019016273981292384,
    0.018903065416709438,
    0.0188448543641101,
    0.01885159759277191,
    0.018711292707601617,
    0.018600901724592465,
    0.018975592981021427,
    0.01896509694030864,
    0.018786977376268717,
    0.0184723681702,
    0.01887633760939783,
    0.018205208762458538,
    0.018436131080442675,
    0.018583717790412298,
    0.018609855995160653,
    0.018694124174376492,
    0.018507981128232747,
    0.01873523414582073,
    0.01817958092542248,
    0.01839937619028601,
    0.01890616200556448
  ],