{
  "scale_factor": 0.9961450099945068,
  "autoencoder": {
    "epoch_recon_losses": [
      0.10299073738836441,
      0.05295963554071779,
      0.044141861195323845,
      0.039910617714919966,
      0.03630063983322192,
      0.03434333879844982,
      0.032008827186557426,
      0.031017816132482362,
      0.029516365942584367,
      0.028204670363739758,
      0.027620504758939023,
      0.02665894030898559,
      0.026235535709547394,
      0.02840371979322253,
      0.02609434348194539,
      0.026223104102771823,
      0.028012632541045423,
      0.024927837195015755,
      0.024746752085805943,
      0.024417818594379585,
      0.024426693065451973,
      0.024647620968332812,
      0.021806575545743733,
      0.02187199635478128,
      0.02236077793631233,
      0.0222144838297317,
      0.02218630230602096,
      0.021382198082048352,
      0.02125964595490143,
      0.020946270606222273,
      0.020605370793648128,
      0.02025032923126421,
      0.020369142403497416,
      0.020152693426533908,
      0.01981399566749064,
      0.01952538263647496,
      0.019290840848028158,
      0.019204078226530252,
      0.019063405817797204,
      0.019456347294089172,
      0.019196143170364766,
      0.01945797408766606,
      0.018669124191799082,
      0.018630944114147115,
      0.018790776520466602,
      0.018473244624353256,
      0.01789620879474057,
      0.018296018070658716,
      0.017839899537067452,
      0.018126800155439295,
      0.018000626310455698,
      0.017773824094348595,
      0.017391649160941106,
      0.01759357742589562,
      0.017862563483229205,
      0.01781133665632801,
      0.017298565613998083,
      0.017404355187000346,
      0.01733175093824623,
      0.017175042735678808
    ],
    "epoch_gen_losses": [
      0.0,
      0.0,
      0.0,
      0.0,
      0.0,
      0.0,
      0.0,
      0.0,
      0.0,
      0.0,
      0.0,
      0.3118497551489277,
      0.32633665254136096,
      0.36724729911119,
      0.34651113645870146,
      0.36396418549433474,
      0.4276082081203701,
      0.34669487043714325,
      0.3123347269637244,
      0.32982272304156246,
      0.38384895853134765,
      0.36088478177034555,
      0.26691196082519886,
      0.299719079014133,
      0.3145336897558525,
      0.3346926358943226,
      0.3391077817738557,
      0.34222903096375346,
      0.3191397123727478,
      0.33808910226871985,
      0.31434006087419364,
      0.32815115873803613,
      0.3048021901680642,
      0.3200075538719402,
      0.30619174216975686,
      0.31312112560292255,
      0.3041425045548367,
      0.3034101663266911,
      0.32310106160760926,
      0.3323128922772007,
      0.35141617685806853,
      0.34373022127552194,
      0.31688461909774973,
      0.30207013307499286,
      0.3290342118810205,
      0.30005825592690155,
      0.3160140903807488,
      0.32691500949509006,
      0.30463271957485616,
      0.3277912727799736,
      0.31630387601732207,
      0.31296340319789756,
      0.30684633540506123,
      0.32166550339770916,
      0.3193540841090579,
      0.3072163071326849,
      0.3172099015542439,
      0.30768387107288137,
      0.31416151253115226,
      0.31391938556643095
    ],
    "epoch_disc_losses": [
      0.0,
      0.0,
      0.0,
      0.0,
      0.0,
      0.0,
      0.0,
      0.0,
      0.0,
      0.0,
      0.0,
      0.2820336407973987,
      0.2253955438607881,
      0.23182489835665004,
      0.211505084165505,
      0.21970527944695048,
      0.20911201546673014,
      0.23330782835974412,
      0.23817234661649256,
      0.2190699252386053,
      0.2217593415945518,
      0.24480380975649135,
      0.2511141190007955,
      0.23702753554372227,
      0.2419227325365323,
      0.23386727962173334,
      0.24369633435702123,
      0.23074318180565073,
      0.2501810221862392,
      0.23085985639516046,
      0.2448612082154811,
      0.22983828788044072,
      0.24342308099530324,
      0.23219559435583964,
      0.24594159887618378,
      0.23025163607437069,
      0.2393550731304313,
      0.23858346257890975,
      0.22869778706246063,
      0.22183001942995215,
      0.21714673698449335,
      0.2267072551390704,
      0.23524440399238042,
      0.24604503434746205,
      0.2271731532170993,
      0.24411765617482803,
      0.22930571236530273,
      0.2312370807934208,
      0.2408555742321896,
      0.2241461811696782,
      0.22863655643803732,
      0.23301662091447525,
      0.2431962388653715,
      0.22341806760856084,
      0.2288945950880772,
      0.23685606400004955,
      0.22940726753543406,
      0.23405757984694311,
      0.23242691610039784,
      0.22863341504786194
    ],
    "val_recon_losses": [
      0.0304301418364048,
      0.026090902409383228,
      0.022657152531402453,
      0.021323359704443386,
      0.01982255093753338,
      0.01942593151969569
    ]
  },
  "diffusion": {
    "epoch_losses": [
      0.6193991433672544,
      0.2736148459821188,
      0.21990209579968653,
      0.1985780446469283,
      0.19190476909905924,
      0.19561471771292327,
      0.18704412921386607,
      0.18924373657513066,
      0.19012036631588175,
      0.1862552510965772,
      0.18820406772008463,
      0.18521636968650737,
      0.1850679694604473,
      0.1803614346920943,
      0.18102734160273015,
      0.18452600408501985,
      0.1786423035028602,
      0.1832763637815203,
      0.18071330006883926,
      0.1761351875772997,
      0.1798427352259139,
      0.17762041905847917,
      0.17840464319251165,
      0.18063812058012024,
      0.1776948606266695,
      0.17550783328899816,
      0.17457269870934367,
      0.17329549463857122,
      0.17996938294973694,
      0.17689036214802445,
      0.17016309781485245,
      0.17490475530884847,
      0.1754681761650478,
      0.17269380184031335,
      0.17585015722683497,
      0.17485792058355668,
      0.17459316445248468,
      0.17562268974901246,
      0.17635413127786972,
      0.1753946592827805,
      0.17258577280435242,
      0.1773600066785051,
      0.1740194830824347,
      0.1733239777073139,
      0.176413974529054,
      0.1720998165737681,
      0.1762694300723677,
      0.17606812784401307,
      0.17538283652618153,
      0.17615591020894653,
      0.176621318927833,
      0.17171598131917104,
      0.17460283756005665,
      0.17753127818348027,
      0.16544474523608424,
      0.17264389102699376,
      0.16862612167576782,
      0.1782969143085119,
      0.1706349924832833,
      0.17287205347493917,
      0.1779794504537302,
      0.17096815709055974,
      0.17404179005813197,
      0.17576771511250183,
      0.17213281926487675,
      0.16965959859745844,
      0.17497872899309927,
      0.1688216654818599,
      0.16920683451560364,
      0.17019796208674168,
      0.1685531750446608,
      0.1752424214442237,
      0.175458990225271,
      0.17255174575232657,
      0.17479876422581553,
      0.1740287662554188,
      0.17295692973778026,
      0.1718999979501011,
      0.1711119000150376,
      0.16821735934550022
    ],
    "val_losses": [
      0.1712036281824112,
      0.1757035298006875
    ]
  },
  "run_duration_seconds": 5191.1529846997
}