{
  "best_epoch": 58,
  "best_valid_metric": 0.028324908316135405,
  "train_generator_loss": [
    0.14632521480800353,
    0.09268440624544817,
    0.07818099187893184,
    0.0724360088303397,
    0.06967911410134063,
    0.07001993716045467,
    0.06609820448629855,
    0.06513909631458878,
    0.06196076690254517,
    0.060713594712455236,
    0.05721961248213562,
    0.05517799510192928,
    0.052923762660749586,
    0.05299616136183345,
    0.05118588095447282,
    0.05063690445265153,
    0.05065793275552716,
    0.04700921070316478,
    0.04663948150473467,
    0.04782742704175965,
    0.04737654500957743,
    0.04671995660528131,
    0.046267955206949346,
    0.046360701696114066,
    0.0460710704565864,
    0.044969026471403245,
    0.045186654730390005,
    0.044675294069149475,
    0.04463283802638918,
    0.04500056268920129,
    0.043246417977371755,
    0.043002912174880406,
    0.042588509031935326,
    0.042329069935368745,
    0.042505713550079524,
    0.041387833038656036,
    0.04134848497289312,
    0.04168889902415425,
    0.041125266570443464,
    0.04115033594999035,
    0.0407155491612682,
    0.04004338692031984,
    0.04031205441053172,
    0.04043222262088618,
    0.040299415702603494,
    0.04011384219839112,
    0.03998190037889502,
    0.03970267481887195,
    0.04014475498182285,
    0.03934046706636496,
    0.03921943226446053,
    0.039492302158621206,
    0.03918751804171573,
    0.03921523985933012,
    0.03900924230325079,
    0.03910521176268763,
    0.0391168323040189,
    0.03868060733263611,
    0.03816112330993989,
    0.038703536084587285
  ],
  "train_discriminator_loss": [
    0.000624147071692992,
    0.0004982954081897539,
    0.00017391795593381802,
    0.00011940693129267059,
    0.0002952072543083738,
    0.000733149683791193,
    0.0007291661919535098,
    0.0005666756488695862,
    0.0005872196573097367,
    0.0011954145168574658,
    0.0006026748206287133,
    0.00029763258413356773,
    0.00016940708261354795,
    0.00035838443838479635,
    0.0007371964027870991,
    0.0016420973117439023,
    0.0016425592792154845,
    0.00195535625078817,
    0.0017979411648182929,
    0.001535306307131157,
    0.0017073686101569709,
    0.0018366063941134807,
    0.0016936929181651024,
    0.001831875378996426,
    0.001885544404857854,
    0.0017506604221741264,
    0.0015780853495408198,
    0.0015784110606606725,
    0.0015343457894812294,
    0.0019834408885263154,
    0.001963162840561431,
    0.0019232995744639203,
    0.0018725657017616224,
    0.001829762859197667,
    0.0019184405086207844,
    0.0019615642711070897,
    0.0018465150238553647,
    0.0018171225751509098,
    0.0019399512356402338,
    0.0019889487988500707,
    0.001926989753922767,
    0.0017925130850261052,
    0.0017198369802632824,
    0.001976819511792587,
    0.0019161205138919961,
    0.0019751150868773013,
    0.0019151801692448376,
    0.001721064398154187,
    0.0020370152076662905,
    0.0019391712945619882,
    0.0018626332264268558,
    0.0018870854900838816,
    0.0018906876986556108,
    0.001809261679139019,
    0.0017815040862184067,
    0.001874112376868715,
    0.0019453183194567982,
    0.0019120383700039687,
    0.001853149891223703,
    0.0018844628895283999
  ],
  "valid_metric": [
    0.09244576275348663,
    0.0686503905057907,
    0.05941572844982147,
    0.05487700909376145,
    0.053007665872573856,
    0.051783233731985095,
    0.05065675556659698,
    0.047155936062335965,
    0.048033949732780454,
    0.04601891115307808,
    0.04165249422192573,
    0.039527441263198855,
    0.038947455286979675,
    0.040410572290420534,
    0.03802034273743629,
    0.04105287671089172,
    0.03815815031528473,
    0.03504516422748566,
    0.03762802466750145,
    0.03938519060611725,
    0.03598501801490784,
    0.03508852109313011,
    0.03627814278006554,
    0.03786870419979096,
    0.034626704901456834,
    0.03409218415617943,
    0.036082370430231096,
    0.03433601498603821,
    0.036374142915010454,
    0.03532999560236931,
    0.03374616086483002,
    0.0331072011590004,
    0.03311004489660263,
    0.03203829526901245,
    0.03274474576115608,
    0.031752988249063495,
    0.03222511112689972,
    0.031843641251325605,
    0.030753007531166075,
    0.03248200833797455,
    0.029440289735794066,
    0.030179045498371124,
    0.030739421546459197,
    0.02977092981338501,
    0.03140899419784546,
    0.029803843051195145,
    0.031158244609832762,
    0.030033673048019408,
    0.02946517735719681,
    0.029467990174889564,
    0.02941324770450592,
    0.02863446459174156,
    0.029778367578983306,
    0.029883684813976286,
    0.029601711332798004,
    0.028884463012218475,
    0.02930829271674156,
    0.028324908316135405,
    0.028446043878793716,
    0.028550987094640733
  ],
  "reconstruction_metric": [
    0.12932198986083618,
    0.07534485391302789,
    0.05882740817382659,
    0.053153618619655806,
    0.0510159207282215,
    0.05262021345772356,
    0.0490116908472727,
    0.047817240066062555,
    0.04499037351480345,
    0.045644272327646646,
    0.04149655441533329,
    0.038493494986448495,
    0.035925641979476564,
    0.0370786541256407,
    0.03666649560614046,
    0.03785352827055797,
    0.03810209751468392,
    0.03490925897640811,
    0.03502619221359433,
    0.035668642547043834,
    0.03496879792537779,
    0.03495526357118449,
    0.03443400312819549,
    0.03466292159836031,
    0.03454673745949961,
    0.033529812369335325,
    0.03327474192643749,
    0.03248279714440418,
    0.03273779727986242,
    0.033427556418054026,
    0.03188582642119344,
    0.03161079549245465,
    0.031231135917244843,
    0.031190166411403448,
    0.031151068194277005,
    0.030320039444757082,
    0.03007076383284133,
    0.03026566807838047,
    0.029887549665424756,
    0.029925698416405862,
    0.029330983849401412,
    0.028749521883997042,
    0.02870161081884257,
    0.029067404950087847,
    0.028906684311246274,
    0.028899763327556185,
    0.028608689167988914,
    0.028225110766565756,
    0.028844994844939617,
    0.0281006002163578,
    0.027855456112915237,
    0.028244350606788614,
    0.0278184182524234,
    0.027764415399322527,
    0.02744010211057899,
    0.027661739208185605,
    0.027879283407925854,
    0.027265219424022376,
    0.02677274460948789,
    0.027206265136299517
  ],