{
  "scale_factor": 1.0227336883544922,
  "autoencoder": {
    "epoch_recon_losses": [
      0.15071735978126527,
      0.07543817218393087,
      0.05886236280202865,
      0.05192496098577976,
      0.046700999438762665,
      0.043093524128198626,
      0.0402793525531888,
      0.03853436823934317,
      0.03695676539093256,
      0.03580028772354126,
      0.03474204389378428,
      0.03373644597828388,
      0.034698940627276895,
      0.035491301976144314,
      0.03161108620464802,
      0.03103466745465994,
      0.03219908906146884,
      0.03339390290901065,
      0.03349395170807838,
      0.033224869687110185,
      0.033434790968894956,
      0.035218808688223364,
      0.03632746759802103,
      0.03304556014016271,
      0.03323028601706028,
      0.03352252511307597,
      0.031067794393748044,
      0.030115515105426312,
      0.03181301027536392,
      0.027847531605511903,
      0.028641306329518557,
      0.029150948487222196,
      0.028708968702703716,
      0.028009957112371923,
      0.028294046837836505,
      0.027450744528323412,
      0.027376076355576515,
      0.026290050838142634,
      0.026202104147523643,
      0.026346768978983165,
      0.026054608151316643,
      0.026269316598773004,
      0.026316325701773165,
      0.025141265261918306,
      0.025033712573349475,
      0.025347478333860637,
      0.025080574303865434,
      0.0251819377951324,
      0.025212306324392558,
      0.024831748567521572,
      0.025005765315145253,
      0.024605531096458435,
      0.024644884970039128,
      0.0238990593329072,
      0.024106541089713572,
      0.02422063274309039,
      0.0240567160025239,
      0.024076857548207046,
      0.023821630422025918,
      0.024136468563228847
    ],
    "epoch_gen_losses": [
      0.0,
      0.0,
      0.0,
      0.0,
      0.0,
      0.0,
      0.0,
      0.0,
      0.0,
      0.0,
      0.0,
      0.3704590857028961,
      0.7062686413526535,
      0.342457944881171,
      0.2527729146182537,
      0.2686403141915798,
      0.47041212186217307,
      0.5186393225193023,
      0.4928732788935304,
      0.5393464079499245,
      0.5535122473537922,
      0.6710920302569866,
      0.6654987870156766,
      0.6506861487217247,
      0.5186605277657509,
      0.5555574564635753,
      0.5630852115899324,
      0.4211204472184181,
      0.3513194216042757,
      0.3657970735430717,
      0.47951203063130377,
      0.5296346091479063,
      0.5385426684841513,
      0.41125882063061,
      0.475568538159132,
      0.4695707706362009,
      0.41882002279162406,
      0.374022996686399,
      0.3759725297987461,
      0.38185018837451934,
      0.3847982396185398,
      0.4150726717710495,
      0.4103373703360558,
      0.41830433286726476,
      0.42953824207186697,
      0.4321999676525593,
      0.41550495505332946,
      0.43242316000163555,
      0.41544970706105233,
      0.4144204638153315,
      0.41722051948308947,
      0.4042102047801018,
      0.42843630194664,
      0.43471879690885545,
      0.43677334904670717,
      0.42434956684708597,
      0.44101993665099143,
      0.42587960496544836,
      0.4244648230075836,
      0.4262890405580401
    ],
    "epoch_disc_losses": [
      0.0,
      0.0,
      0.0,
      0.0,
      0.0,
      0.0,
      0.0,
      0.0,
      0.0,
      0.0,
      0.0,
      0.28326470389962194,
      0.11476347819902002,
      0.2602423176541924,
      0.250456620901823,
      0.2417445060610771,
      0.1738155659288168,
      0.15678181987255813,
      0.17534419879317284,
      0.14891009006649256,
      0.16944755025207997,
      0.11152722787111997,
      0.11386680137366056,
      0.12331631925888359,
      0.16966821812093258,
      0.1637431649118662,
      0.18934598177671433,
      0.2425738313794136,
      0.23540064111351966,
      0.20290579840540887,
      0.16729245603084564,
      0.1832003925740719,
      0.16198882825672625,
      0.21009681530296803,
      0.19966136842966078,
      0.1859862685203552,
      0.1890025744587183,
      0.23767078727483748,
      0.20504581108689307,
      0.21341562241315842,
      0.21657447755336762,
      0.19754347935318947,
      0.1938806401193142,
      0.2009383012354374,
      0.18882324002683162,
      0.20904310278594493,
      0.19376798272132872,
      0.19347917795181274,
      0.1957933224737644,
      0.19858122833073139,
      0.19735830754041672,
      0.1985754133760929,
      0.2015706590563059,
      0.1915628656744957,
      0.18464454650878906,
      0.19370541706681252,
      0.19446783661842346,
      0.19336803711950779,
      0.18881494417786598,
      0.197328914552927
    ],
    "val_recon_losses": [
      0.03929221585392952,
      0.03509699374437332,
      0.03030608020722866,
      0.027832571640610693,
      0.02547486774623394,
      0.02546514756977558
    ]
  },
  "diffusion": {
    "epoch_losses": [
      0.958137936592102,
      0.8709156239032745,
      0.7968880611658097,
      0.73625727891922,
      0.6864674162864685,
      0.643587457537651,
      0.6045628917217255,
      0.5706092631816864,
      0.5450912103056907,
      0.5180029827356338,
      0.49507045060396193,
      0.47924713253974915,
      0.46291100054979323,
      0.4431452414393425,
      0.4317082071304321,
      0.4224468269944191,
      0.4111519184708595,
      0.4038372367620468,
      0.38843741655349734,
      0.3811525464057922,
      0.3763010451197624,
      0.36483108669519426,
      0.3569366332888603,
      0.3560828679800034,
      0.3451196140050888,
      0.34763119369745255,
      0.33124335944652555,
      0.32964391469955445,
      0.3237540465593338,
      0.3267728337645531,
      0.317585771381855,
      0.31419061779975893,
      0.312188101708889,
      0.30220855951309206,
      0.29900193467736247,
      0.29356061860918997,
      0.2903056778013706,
      0.28657115817070006,
      0.27902216389775275,
      0.27622121378779413,
      0.27491088569164274,
      0.2744522839784622,
      0.2658417397737503,
      0.268804050385952,
      0.2605615045130253,
      0.25917286247015,
      0.26278338238596916,
      0.2547074168920517,
      0.24621362388134002,
      0.2520489774644375,
      0.2510751858353615,
      0.24442063704133032,
      0.24610035941004754,
      0.25034831643104555,
      0.24713252872228622,
      0.24328529909253122,
      0.24060898885130882,
      0.24343673437833785,
      0.23503796353936196,
      0.23778050169348716,
      0.23851761743426322,
      0.23314506471157073,
      0.23382094845175744,
      0.23524631887674333,
      0.2334056766331196,
      0.23183241322636605,
      0.23093932643532752,
      0.22411064714193343,
      0.2254918621480465,
      0.22283681869506836,
      0.22379763185977936,
      0.22601418778300286,
      0.22255831822752953,
      0.22262076407670975,
      0.22627384081482887,
      0.2223667961359024,
      0.21683117717504502,
      0.22184279412031174,
      0.21428701967000963,
      0.22341153144836426
    ],
    "val_losses": [
      0.2715909779071808,
      0.2144649076461792
    ]
  },
  "run_duration_seconds": 2997.8094908003695
}