{
  "scale_factor": 1.007891297340393,
  "autoencoder": {
    "epoch_recon_losses": [
      0.2237810200753332,
      0.10462453252315021,
      0.07169220297589522,
      0.05725589876665788,
      0.049618458860561626,
      0.04547318899143143,
      0.04287367649063343,
      0.040510046874963436,
      0.03885961854595597,
      0.03734500896373466,
      0.03583015958551599,
      0.03577499829639657,
      0.04233787969506087,
      0.04178085070134712,
      0.04228484942851698,
      0.04039290893290724,
      0.041610527580150033,
      0.04332477497641279,
      0.040797956475690636,
      0.043639336877009445,
      0.041202743310763054,
      0.03482257043394972,
      0.03712116789166667,
      0.040575385962401615,
      0.038471361543951914,
      0.04065831715413252,
      0.036894852389432804,
      0.03948949240617642,
      0.04006029646687147,
      0.03815726682293315,
      0.049267975644779805,
      0.0399043982488518,
      0.03909770054977481,
      0.042337525416822994,
      0.041788238468540816,
      0.04004439833660085,
      0.04227152505905187,
      0.041739549253042005,
      0.039202314410202145,
      0.036999856763589786,
      0.03825311184305103,
      0.03785072570713628,
      0.035632508579923325,
      0.0357557470839815,
      0.039436040970520315,
      0.040167049011763406,
      0.03917975232255559,
      0.0376104094135035,
      0.040355227965892866,
      0.04092074987016806,
      0.04311117368648533,
      0.042950452078415566,
      0.041988468940268045,
      0.04298686624324622,
      0.043512905955690295,
      0.04382453923027556,
      0.04276317486367306,
      0.042784668082574834,
      0.044185129487339186,
      0.04535157382175201
    ],
    "epoch_gen_losses": [
      0.0,
      0.0,
      0.0,
      0.0,
      0.0,
      0.0,
      0.0,
      0.0,
      0.0,
      0.0,
      0.0,
      0.3040227335916848,
      0.3098573347851008,
      0.2864657291093794,
      0.30191121068822235,
      0.29115571075377344,
      0.29563141827072414,
      0.31205261304598897,
      0.28908502545301656,
      0.30628210587912247,
      0.29710776828417257,
      0.27350486238964467,
      0.28642232653473604,
      0.29470441340147946,
      0.3019559915576662,
      0.29758481869176656,
      0.30104706949797,
      0.29644562022275284,
      0.30872503671200335,
      0.30173396888901205,
      0.3930222615599632,
      0.31603917830130634,
      0.34344352969602376,
      0.33462175075747386,
      0.3557479433527514,
      0.3655015482809864,
      0.37260206237811,
      0.3336822677622823,
      0.32028314145673226,
      0.314180196489857,
      0.3125293761053506,
      0.3071567452817905,
      0.2985431061071508,
      0.3117404839947444,
      0.3247198391737056,
      0.3469658505265452,
      0.33571619753326687,
      0.34639043504951383,
      0.36171794682741165,
      0.3904146060284947,
      0.4289794625604854,
      0.4611932295335441,
      0.49475424160726933,
      0.5896599037306649,
      0.6024049475100361,
      0.5701184863490718,
      0.5694358605860161,
      0.603895751336793,
      0.609734196215868,
      0.599861111898883
    ],
    "epoch_disc_losses": [
      0.0,
      0.0,
      0.0,
      0.0,
      0.0,
      0.0,
      0.0,
      0.0,
      0.0,
      0.0,
      0.0,
      0.2676260853264512,
      0.23638385024015643,
      0.24688457572410086,
      0.24030813368178217,
      0.24040397425659565,
      0.2407956505898668,
      0.23516142205530857,
      0.24293063950388372,
      0.23790858272744828,
      0.24163821327085255,
      0.24749314496998026,
      0.24115272110500255,
      0.24282026190717682,
      0.23929637100766687,
      0.24022532918122635,
      0.23652378006392166,
      0.24397719995815212,
      0.238018502489108,
      0.23524156150196782,
      0.2069871074700055,
      0.23342695519202897,
      0.22522292483378858,
      0.23208687085063517,
      0.21909827419689723,
      0.2186197821332627,
      0.22649432941019035,
      0.23611515910685563,
      0.23709867268550297,
      0.2388418778276243,
      0.23499562585053324,
      0.24545403601241714,
      0.24230226555040904,
      0.2306934086715474,
      0.2311582877731123,
      0.2226942692797224,
      0.23008446000954685,
      0.2240417834465243,
      0.21540767668175095,
      0.20819740607833662,
      0.18599584936594762,
      0.18363212787804484,
      0.17500539551324704,
      0.13304951662557715,
      0.13119017520622045,
      0.15580142161832386,
      0.1518932219532107,
      0.13984645752846694,
      0.12739458385494953,
      0.1392109244983612
    ],
    "val_recon_losses": [
      0.040141005642138995,
      0.04545994504139973,
      0.03912007865997461,
      0.03965365198942331,
      0.04941186767358046,
      0.05277341489608471
    ]
  },
  "diffusion": {
    "epoch_losses": [
      0.9236716958655029,
      0.8000078672120551,
      0.7246200364677846,
      0.6765177790858165,
      0.6381578891217208,
      0.613680608382746,
      0.5917110498211965,
      0.5798812243117004,
      0.5728602481990301,
      0.5620732522812211,
      0.556677124079536,
      0.5437722852250108,
      0.5379554173525642,
      0.5320361366792887,
      0.5360899782982194,
      0.5230996702649012,
      0.5199151665222745,
      0.5136470590569392,
      0.5148806688414902,
      0.5091455989525098,
      0.5082635733009386,
      0.5075525686520488,
      0.5032547480669343,
      0.5021160263724688,
      0.5005525941608333,
      0.4971506902400185,
      0.49477838305365135,
      0.5002983625696487,
      0.4972107620800243,
      0.4959875991364487,
      0.4980227229725413,
      0.49371822554023326,
      0.4938529389245169,
      0.4880796861247856,
      0.49186692956615896,
      0.4899097197696942,
      0.4902508863631417,
      0.48859137146412823,
      0.4873377118541413,
      0.4866928896483253,
      0.4873502095456885,
      0.4897755851515201,
      0.48704229533171456,
      0.48433877615367665,
      0.4873152267532188,
      0.48395797334799245,
      0.48665013558724346,
      0.4833329480235316,
      0.4821839089654073,
      0.48729448446205686,
      0.48213226692516264,
      0.48187366127967834,
      0.48397134244441986,
      0.4849955976760688,
      0.482870021036693,
      0.4829327710786787,
      0.4816232713080254,
      0.48408527860120565,
      0.4834799712695995,
      0.4818937297628707,
      0.4787672849512902,
      0.4806423860938609,
      0.4831274731569931,
      0.47830597868486613,
      0.4837890278641917,
      0.48306712533245566,
      0.4813217356675813,
      0.48284519382384644,
      0.47708524700974214,
      0.48057264314980064,
      0.4815885369517222,
      0.47966429954316436,
      0.482207166422315,
      0.481653229779556,
      0.4830825494117096,
      0.4815799488740809,
      0.4788287281990051,
      0.47870737401878133,
      0.4796583306889574,
      0.48297943162317036
    ],
    "val_losses": [
      0.48338716534467846,
      0.49164061821424043
    ]
  },
  "run_duration_seconds": 5042.606869299896
}