{
  "scale_factor": 1.0025960206985474,
  "autoencoder": {
    "epoch_recon_losses": [
      0.10565284270198405,
      0.05018164995400345,
      0.04134812634907851,
      0.03717075493343237,
      0.03453790500540944,
      0.03270880233872087,
      0.03152455426282993,
      0.030435614514814205,
      0.02941346189648915,
      0.028470398803405902,
      0.0277299529818051,
      0.02725244519308585,
      0.028328029031888777,
      0.03017728532343602,
      0.02903073970541483,
      0.028425696305930614,
      0.027623508735990322,
      0.028057490843309073,
      0.027616797476819083,
      0.026704171578548534,
      0.026495453228532265,
      0.026334108111738155,
      0.025512791825693194,
      0.025383624091681812,
      0.025237905558104776,
      0.02514372136788208,
      0.024604924030977637,
      0.02421154622614634,
      0.024224873624366372,
      0.02425410452948398,
      0.024052197051023235,
      0.023398023685675208,
      0.023258829818052405,
      0.023250932366970706,
      0.023107380340141908,
      0.022596485443225428,
      0.02247191596181453,
      0.02257714306293916,
      0.02224319088546669,
      0.02232132645464745,
      0.021972305955318343,
      0.02164077587394404,
      0.02175100742518401,
      0.021492385767212435,
      0.021259626334517442,
      0.02129097091926246,
      0.021118694892888812,
      0.02105544416719124,
      0.020523865010683276,
      0.02066456134423238,
      0.020490000188788948,
      0.020562807778913936,
      0.020384528063738548,
      0.020472267728705865,
      0.020489864231345533,
      0.020282697621263376,
      0.02028950025961429,
      0.020119230638594686,
      0.02009624241217345,
      0.020064736622534378
    ],
    "epoch_gen_losses": [
      0.0,
      0.0,
      0.0,
      0.0,
      0.0,
      0.0,
      0.0,
      0.0,
      0.0,
      0.0,
      0.0,
      0.3146234723512365,
      0.5543800606196668,
      0.5223145941350641,
      0.46425994376049323,
      0.4634806489838021,
      0.48212500946486697,
      0.4980479444400603,
      0.46434012870891256,
      0.4765462307337703,
      0.45440152279656976,
      0.4573224258898687,
      0.42941215984961567,
      0.4319647669541736,
      0.45205501579687374,
      0.44095611331217427,
      0.44513184426962826,
      0.4594886193380636,
      0.4513951096088946,
      0.4816540428632949,
      0.48467354864633383,
      0.4249891203929897,
      0.42749523333892103,
      0.4211831666341349,
      0.44197865855731383,
      0.463360006193153,
      0.4648132318583857,
      0.4666878229179302,
      0.4684939544741847,
      0.44766656206059857,
      0.4610085482043879,
      0.4643773544861489,
      0.4677282140566772,
      0.4717130215854204,
      0.46060042925366834,
      0.47005430145674393,
      0.47190156012397855,
      0.4655605588390046,
      0.47040371426201166,
      0.46037826918754254,
      0.47289581853552026,
      0.48802426723497255,
      0.47891938777155235,
      0.48324397340917785,
      0.49267289089430283,
      0.48623743431032207,
      0.5011902850966493,
      0.49796618358427736,
      0.499160094264926,
      0.5098358702634563
    ],
    "epoch_disc_losses": [
      0.0,
      0.0,
      0.0,
      0.0,
      0.0,
      0.0,
      0.0,
      0.0,
      0.0,
      0.0,
      0.0,
      0.26871749339233925,
      0.15349923753563097,
      0.1713692306329598,
      0.1934052427307147,
      0.19480278845406881,
      0.1713145259579941,
      0.18706521737788404,
      0.18558982564058124,
      0.18393425084650517,
      0.1956871040478474,
      0.1953691859893939,
      0.20130521716440425,
      0.19663462571862364,
      0.18747519344842734,
      0.19901726958381027,
      0.19752318017623005,
      0.17932233693344252,
      0.18519560723495082,
      0.17335397277434333,
      0.17789923396556317,
      0.19953394452689074,
      0.1984090385097666,
      0.19318973614262933,
      0.18689589167968565,
      0.18533503073228508,
      0.18141367527491906,
      0.17322642550248057,
      0.18056126154896593,
      0.19153383846919075,
      0.17845172081299188,
      0.18150345621114017,
      0.18120939967011204,
      0.1759387808499717,
      0.18010989119525717,
      0.1779194364965964,
      0.17989781262556545,
      0.17975794743089116,
      0.18988539863909995,
      0.1800139150386598,
      0.17492835871687457,
      0.1655940398135606,
      0.174252266643428,
      0.17104479291734576,
      0.16675768955415035,
      0.17525596362577767,
      0.1648584939852482,
      0.16086669792147243,
      0.17489816984083473,
      0.1602293525924202
    ],
    "val_recon_losses": [
      0.03164815057355624,
      0.02814093977212906,
      0.025806972900262244,
      0.024098753929138184,
      0.02347450015636591,
      0.02252298120695811
    ]
  },
  "diffusion": {
    "epoch_losses": [
      0.9741388684561273,
      0.9261266804542863,
      0.8951429849913141,
      0.8739126602641675,
      0.8614038011106122,
      0.852151835165104,
      0.8447716521615741,
      0.8402957174958301,
      0.8366108709523657,
      0.8313223454130798,
      0.8285449244895903,
      0.8269608321310091,
      0.823661981510515,
      0.822147819925757,
      0.8199589853527165,
      0.8176376932308453,
      0.8165755434697416,
      0.8167941981003064,
      0.8152471046988704,
      0.8124538176700848,
      0.8109159113980141,
      0.8102631774269232,
      0.8092631800334995,
      0.8087238376381016,
      0.8076135671439291,
      0.8079801089122516,
      0.8061559916544361,
      0.8036530834286153,
      0.8050148186563444,
      0.8031570240229118,
      0.803532861110543,
      0.8012885924647836,
      0.8010720415275638,
      0.8005887953674092,
      0.8004565697257259,
      0.7995609067568258,
      0.7991486985643371,
      0.7994168981784532,
      0.7978950212983524,
      0.7985925947417732,
      0.7960219934207051,
      0.7963089732562795,
      0.7965325858412671,
      0.7950798458411914,
      0.7958859400588925,
      0.7948863098100454,
      0.7956751011499837,
      0.7954507753127763,
      0.7956107389025328,
      0.7953786604544696,
      0.7939929498844788,
      0.7937733175373879,
      0.7929445227154163,
      0.7937969234811157,
      0.7922063780431988,
      0.7931695928593644,
      0.7930751072258508,
      0.7920624754008125,
      0.7917504763903738,
      0.7920027285062966,
      0.7922215837390483,
      0.7914392402192124,
      0.7920351837362561,
      0.7919084447271684,
      0.7912059291070249,
      0.7908989341319108,
      0.7909494701052914,
      0.7911429873534611,
      0.7907764578566832,
      0.7902584732079706,
      0.7907554617449015,
      0.7897259485320884,
      0.7900636669467477,
      0.7890411612867307,
      0.7903564857835529,
      0.7898861495386652,
      0.7892488228673694,
      0.7902216302747486,
      0.7883765960440916,
      0.7895136786108258
    ],
    "val_losses": [
      0.8003662824630737,
      0.7864268788924584
    ]
  },
  "run_duration_seconds": 4062.6579829999246
}